{"mean":{"confidence_interval":{"confidence_level":0.95,"lower_bound":0.0012255043269554138,"upper_bound":0.019493815444179715},"point_estimate":0.011764221124106689,"standard_error":0.004840137904677399},"median":{"confidence_interval":{"confidence_level":0.95,"lower_bound":0.019095230965192802,"upper_bound":0.020639492529715975},"point_estimate":0.01994953788977627,"standard_error":0.0003879804102055263}}