{"mean":{"confidence_interval":{"confidence_level":0.95,"lower_bound":0.022096523312761802,"upper_bound":0.025947663434230394},"point_estimate":0.02414416788174578,"standard_error":0.0009817234330167456},"median":{"confidence_interval":{"confidence_level":0.95,"lower_bound":0.023400875574388125,"upper_bound":0.02566386125701281},"point_estimate":0.024479457329901644,"standard_error":0.0005897103091621118}}