{"mean":{"confidence_interval":{"confidence_level":0.95,"lower_bound":0.0071329733920137695,"upper_bound":0.014625595273147057},"point_estimate":0.011089374957071962,"standard_error":0.0018550181694022665},"median":{"confidence_interval":{"confidence_level":0.95,"lower_bound":0.009036394151750171,"upper_bound":0.01105310106963886},"point_estimate":0.009890769821590872,"standard_error":0.0005062651631489388}}