{"mean":{"confidence_interval":{"confidence_level":0.95,"lower_bound":0.004375756651545659,"upper_bound":0.009131258399489382},"point_estimate":0.007255201905392639,"standard_error":0.001253573014013915},"median":{"confidence_interval":{"confidence_level":0.95,"lower_bound":0.00790427863325771,"upper_bound":0.00989658032870322},"point_estimate":0.00919148993038621,"standard_error":0.0005342044676624947}}