{"mean":{"confidence_interval":{"confidence_level":0.95,"lower_bound":-0.01815351557742007,"upper_bound":-0.014416227040235754},"point_estimate":-0.01605022602753925,"standard_error":0.000961029062620529},"median":{"confidence_interval":{"confidence_level":0.95,"lower_bound":-0.01508902881691676,"upper_bound":-0.013495846895053565},"point_estimate":-0.014420088564404021,"standard_error":0.000425350853011164}}