{"mean":{"confidence_interval":{"confidence_level":0.95,"lower_bound":-0.009375409173691783,"upper_bound":0.015043471392816695},"point_estimate":0.005463167774425681,"standard_error":0.006561741209409026},"median":{"confidence_interval":{"confidence_level":0.95,"lower_bound":0.013452344799615767,"upper_bound":0.015313240501100056},"point_estimate":0.014688736353569709,"standard_error":0.00046061447170420047}}