{"mean":{"confidence_interval":{"confidence_level":0.95,"lower_bound":0.0033463078821908245,"upper_bound":0.008984517052101963},"point_estimate":0.006445013576492187,"standard_error":0.001448454877074056},"median":{"confidence_interval":{"confidence_level":0.95,"lower_bound":0.00835831493651873,"upper_bound":0.010363547343512096},"point_estimate":0.009520628016566501,"standard_error":0.0005036769079033616}}