{"mean":{"confidence_interval":{"confidence_level":0.95,"lower_bound":0.00035446850204438104,"upper_bound":0.012005101231790938},"point_estimate":0.0066793612602649155,"standard_error":0.002991732666618792},"median":{"confidence_interval":{"confidence_level":0.95,"lower_bound":0.011280627699456813,"upper_bound":0.014398253930099246},"point_estimate":0.012831815648449485,"standard_error":0.0008054732529441695}}