{"mean":{"confidence_interval":{"confidence_level":0.95,"lower_bound":-0.00532425140618946,"upper_bound":0.01692601171381159},"point_estimate":0.008836239361031506,"standard_error":0.006346083890677666},"median":{"confidence_interval":{"confidence_level":0.95,"lower_bound":0.01596633938008174,"upper_bound":0.01806667461630651},"point_estimate":0.017320971250943007,"standard_error":0.0005930263680515479}}