{"mean":{"confidence_interval":{"confidence_level":0.95,"lower_bound":0.004752079051032882,"upper_bound":0.009959846928715725},"point_estimate":0.0074298876162184335,"standard_error":0.0013159419365691488},"median":{"confidence_interval":{"confidence_level":0.95,"lower_bound":0.007077693275514996,"upper_bound":0.008263817564432063},"point_estimate":0.00773212972980275,"standard_error":0.00030002987771117186}}