{"mean":{"confidence_interval":{"confidence_level":0.95,"lower_bound":0.015405636403933453,"upper_bound":0.027353823175652252},"point_estimate":0.022204935973109352,"standard_error":0.0030864918630113857},"median":{"confidence_interval":{"confidence_level":0.95,"lower_bound":0.026864552456403495,"upper_bound":0.028233950083202064},"point_estimate":0.027445674050833313,"standard_error":0.0003386901250766246}}