{"mean":{"confidence_interval":{"confidence_level":0.95,"lower_bound":0.07756003524612212,"upper_bound":0.08381332049030862},"point_estimate":0.08132661808236707,"standard_error":0.0016641107618550817},"median":{"confidence_interval":{"confidence_level":0.95,"lower_bound":0.08242086998158471,"upper_bound":0.08364856976717044},"point_estimate":0.08294001657688277,"standard_error":0.00031104173163002275}}