{"mean":{"confidence_interval":{"confidence_level":0.95,"lower_bound":26390511.30975,"upper_bound":27111155.126124997},"point_estimate":26742491.945,"standard_error":183765.4433572015},"median":{"confidence_interval":{"confidence_level":0.95,"lower_bound":26316356.0,"upper_bound":27147472.5},"point_estimate":26933830.75,"standard_error":208694.8765970861},"median_abs_dev":{"confidence_interval":{"confidence_level":0.95,"lower_bound":1323165.6203091145,"upper_bound":2114687.6341705383},"point_estimate":1769481.9566354156,"standard_error":186385.8849919971},"slope":null,"std_dev":{"confidence_interval":{"confidence_level":0.95,"lower_bound":1426767.7289225096,"upper_bound":2274501.3382511595},"point_estimate":1850765.6607507041,"standard_error":219402.64814818866}}