{"mean":{"confidence_interval":{"confidence_level":0.95,"lower_bound":25508085.432875,"upper_bound":25881801.547625},"point_estimate":25693750.95,"standard_error":95159.2641021854},"median":{"confidence_interval":{"confidence_level":0.95,"lower_bound":25330793.0,"upper_bound":25946291.25},"point_estimate":25679975.75,"standard_error":169696.58447353714},"median_abs_dev":{"confidence_interval":{"confidence_level":0.95,"lower_bound":832508.425270021,"upper_bound":1243197.5135788321},"point_estimate":1133294.2307800055,"standard_error":105905.00591015985},"slope":null,"std_dev":{"confidence_interval":{"confidence_level":0.95,"lower_bound":826619.2854697566,"upper_bound":1070564.6046063425},"point_estimate":954111.7491468112,"standard_error":62206.1290681683}}