{"mean":{"confidence_interval":{"confidence_level":0.95,"lower_bound":26580758.71675,"upper_bound":26985240.802125},"point_estimate":26779630.99,"standard_error":103078.0320693212},"median":{"confidence_interval":{"confidence_level":0.95,"lower_bound":26422676.25,"upper_bound":26939776.0},"point_estimate":26670745.25,"standard_error":121144.17006412917},"median_abs_dev":{"confidence_interval":{"confidence_level":0.95,"lower_bound":775895.7159250975,"upper_bound":1271464.7646769881},"point_estimate":1032131.9867759943,"standard_error":126497.29039886896},"slope":null,"std_dev":{"confidence_interval":{"confidence_level":0.95,"lower_bound":852435.9778219963,"upper_bound":1223907.759248011},"point_estimate":1037836.8398147791,"standard_error":95761.92355019394}}