{"mean":{"confidence_interval":{"confidence_level":0.95,"lower_bound":26986073.317375,"upper_bound":27552190.173625},"point_estimate":27248593.725,"standard_error":144753.0424162236},"median":{"confidence_interval":{"confidence_level":0.95,"lower_bound":26778415.5,"upper_bound":27076045.5},"point_estimate":26880102.0,"standard_error":76639.71344613342},"median_abs_dev":{"confidence_interval":{"confidence_level":0.95,"lower_bound":534565.6627358127,"upper_bound":885247.7587874605},"point_estimate":698766.7881444097,"standard_error":91113.57539926693},"slope":null,"std_dev":{"confidence_interval":{"confidence_level":0.95,"lower_bound":892494.8992056588,"upper_bound":1902575.9785617671},"point_estimate":1447485.744279131,"standard_error":255415.8027681811}}