{"mean":{"confidence_interval":{"confidence_level":0.95,"lower_bound":31399146.1825,"upper_bound":31682803.690625},"point_estimate":31538960.555,"standard_error":72439.77032781151},"median":{"confidence_interval":{"confidence_level":0.95,"lower_bound":31276701.0,"upper_bound":31595341.5},"point_estimate":31400493.0,"standard_error":79823.50565604288},"median_abs_dev":{"confidence_interval":{"confidence_level":0.95,"lower_bound":443794.0631210804,"upper_bound":788549.8549604415},"point_estimate":608406.3968986273,"standard_error":88797.62974033218},"slope":null,"std_dev":{"confidence_interval":{"confidence_level":0.95,"lower_bound":612060.913229452,"upper_bound":831950.6131012832},"point_estimate":727865.9446123918,"standard_error":56324.748585559195}}