{"mean":{"confidence_interval":{"confidence_level":0.95,"lower_bound":0.04906006607671378,"upper_bound":0.05377176558704639},"point_estimate":0.05182203208079583,"standard_error":0.0012217340624717343},"median":{"confidence_interval":{"confidence_level":0.95,"lower_bound":0.052340596379095494,"upper_bound":0.05443153184536076},"point_estimate":0.0536063772656965,"standard_error":0.0005301308240832732}}