{"mean":{"confidence_interval":{"confidence_level":0.95,"lower_bound":0.04772404610420032,"upper_bound":0.05364867532388647},"point_estimate":0.05140287946629929,"standard_error":0.0016252350613291293},"median":{"confidence_interval":{"confidence_level":0.95,"lower_bound":0.052422773986046334,"upper_bound":0.05421591801122361},"point_estimate":0.0533975084151781,"standard_error":0.00046323077253832717}}