{"mean":{"confidence_interval":{"confidence_level":0.95,"lower_bound":0.06768514828188421,"upper_bound":0.07108625217471265},"point_estimate":0.06952524809719596,"standard_error":0.0008711781602977389},"median":{"confidence_interval":{"confidence_level":0.95,"lower_bound":0.06939183808279292,"upper_bound":0.07185570490954518},"point_estimate":0.0706573391448444,"standard_error":0.0006176166137224999}}