{"mean":{"confidence_interval":{"confidence_level":0.95,"lower_bound":0.06054127571869396,"upper_bound":0.06824393632873244},"point_estimate":0.06499292209221919,"standard_error":0.0020024223732458143},"median":{"confidence_interval":{"confidence_level":0.95,"lower_bound":0.06668672841799417,"upper_bound":0.06849357786288035},"point_estimate":0.06760353123505958,"standard_error":0.0004610828141657713}}