{"mean":{"confidence_interval":{"confidence_level":0.95,"lower_bound":0.05116525991136059,"upper_bound":0.055878732607423744},"point_estimate":0.05381485099334693,"standard_error":0.0012093340981077492},"median":{"confidence_interval":{"confidence_level":0.95,"lower_bound":0.053366463223808,"upper_bound":0.055344219487142965},"point_estimate":0.0541104856194794,"standard_error":0.000524504188107435}}