{"mean":{"confidence_interval":{"confidence_level":0.95,"lower_bound":0.11784420637336933,"upper_bound":0.13541086651672357},"point_estimate":0.12790764547081745,"standard_error":0.004537432333870282},"median":{"confidence_interval":{"confidence_level":0.95,"lower_bound":0.13447522864766803,"upper_bound":0.13650410448769934},"point_estimate":0.13538862574400934,"standard_error":0.0005195368070436172}}