{"mean":{"confidence_interval":{"confidence_level":0.95,"lower_bound":0.0627649437686852,"upper_bound":0.08397794650162389},"point_estimate":0.07304910755707072,"standard_error":0.00549152731953507},"median":{"confidence_interval":{"confidence_level":0.95,"lower_bound":0.06247743046633847,"upper_bound":0.06446307945112373},"point_estimate":0.06372813379467046,"standard_error":0.00051222914738437}}