{"mean":{"confidence_interval":{"confidence_level":0.95,"lower_bound":0.05989989728974459,"upper_bound":0.06977730907558989},"point_estimate":0.06538040811384516,"standard_error":0.0025379752824472098},"median":{"confidence_interval":{"confidence_level":0.95,"lower_bound":0.06645540526631177,"upper_bound":0.06833599724623385},"point_estimate":0.06735606726166266,"standard_error":0.00048241387820691355}}