{"mean":{"confidence_interval":{"confidence_level":0.95,"lower_bound":0.006896438713054101,"upper_bound":0.04517439844493048},"point_estimate":0.028676338247276778,"standard_error":0.00998131706080478},"median":{"confidence_interval":{"confidence_level":0.95,"lower_bound":0.04378732631852578,"upper_bound":0.04579778015003044},"point_estimate":0.044828840009620397,"standard_error":0.0004974991978921771}}