{"mean":{"confidence_interval":{"confidence_level":0.95,"lower_bound":0.05594427689244893,"upper_bound":0.06000039770623445},"point_estimate":0.05824501517133651,"standard_error":0.0010474655391603527},"median":{"confidence_interval":{"confidence_level":0.95,"lower_bound":0.0587615127401638,"upper_bound":0.06011708716252562},"point_estimate":0.05931009117841435,"standard_error":0.0003499687512422463}}