{"mean":{"confidence_interval":{"confidence_level":0.95,"lower_bound":0.05659972308938785,"upper_bound":0.06149026608518214},"point_estimate":0.05954267343193975,"standard_error":0.0013008253046519393},"median":{"confidence_interval":{"confidence_level":0.95,"lower_bound":0.06047607505051568,"upper_bound":0.06219800686357102},"point_estimate":0.061388947605179434,"standard_error":0.00045843895300613}}