{"mean":{"confidence_interval":{"confidence_level":0.95,"lower_bound":0.04374445989748988,"upper_bound":0.05294713926850978},"point_estimate":0.048642203590660404,"standard_error":0.0023640736254625237},"median":{"confidence_interval":{"confidence_level":0.95,"lower_bound":0.046456629014104564,"upper_bound":0.04864426387580312},"point_estimate":0.04741167188572981,"standard_error":0.0005825349270523664}}