{"mean":{"confidence_interval":{"confidence_level":0.95,"lower_bound":44147.646813887135,"upper_bound":44215.25984310851},"point_estimate":44180.16110052197,"standard_error":17.275946461359233},"median":{"confidence_interval":{"confidence_level":0.95,"lower_bound":44134.5677297668,"upper_bound":44194.47606310014},"point_estimate":44142.321361765804,"standard_error":15.499543670658111},"median_abs_dev":{"confidence_interval":{"confidence_level":0.95,"lower_bound":22.859682880010013,"upper_bound":102.23553859647593},"point_estimate":42.39587429342727,"standard_error":21.668366769715167},"slope":{"confidence_interval":{"confidence_level":0.95,"lower_bound":44140.497838160874,"upper_bound":44216.18696240812},"point_estimate":44176.41102863249,"standard_error":19.443594184663766},"std_dev":{"confidence_interval":{"confidence_level":0.95,"lower_bound":62.96020053596588,"upper_bound":120.15753329311136},"point_estimate":96.20685594085842,"standard_error":14.597938701666898}}