{"mean":{"confidence_interval":{"confidence_level":0.95,"lower_bound":42541.78678802588,"upper_bound":42848.24690252898},"point_estimate":42668.17121306643,"standard_error":80.30014367643493},"median":{"confidence_interval":{"confidence_level":0.95,"lower_bound":42503.27166854884,"upper_bound":42574.40856574256},"point_estimate":42543.53833546556,"standard_error":24.225535010117962},"median_abs_dev":{"confidence_interval":{"confidence_level":0.95,"lower_bound":60.6866471083686,"upper_bound":174.41384024396228},"point_estimate":103.6731039599998,"standard_error":29.051614441304086},"slope":{"confidence_interval":{"confidence_level":0.95,"lower_bound":42569.942671587465,"upper_bound":43004.103820926466},"point_estimate":42749.52278590285,"standard_error":113.14262792113013},"std_dev":{"confidence_interval":{"confidence_level":0.95,"lower_bound":124.60602158301265,"upper_bound":693.4825894983444},"point_estimate":446.7452075493125,"standard_error":168.48242384385125}}