{"mean":{"confidence_interval":{"confidence_level":0.95,"lower_bound":1556471553.4575,"upper_bound":1609529868.8625},"point_estimate":1581438232.0,"standard_error":13592544.264717331},"median":{"confidence_interval":{"confidence_level":0.95,"lower_bound":1549419473.0,"upper_bound":1611830065.5},"point_estimate":1579346253.0,"standard_error":14591785.321755607},"median_abs_dev":{"confidence_interval":{"confidence_level":0.95,"lower_bound":4902247.947567701,"upper_bound":76210554.2072922},"point_estimate":40890179.180154204,"standard_error":18788341.162256658},"slope":null,"std_dev":{"confidence_interval":{"confidence_level":0.95,"lower_bound":18894021.21260674,"upper_bound":59653632.80535321},"point_estimate":45449446.78144964,"standard_error":10348028.843746634}}