{"mean":{"confidence_interval":{"confidence_level":0.95,"lower_bound":0.020196399015659505,"upper_bound":0.027946997020667788},"point_estimate":0.024148219749353883,"standard_error":0.0019728286541435},"median":{"confidence_interval":{"confidence_level":0.95,"lower_bound":0.022824142005789527,"upper_bound":0.030010444602109058},"point_estimate":0.025786091702970637,"standard_error":0.001789324350014757}}