{"mean":{"confidence_interval":{"confidence_level":0.95,"lower_bound":6860721.348125,"upper_bound":6916407.56721875},"point_estimate":6888048.14625,"standard_error":14103.205416922945},"median":{"confidence_interval":{"confidence_level":0.95,"lower_bound":6854857.1875,"upper_bound":6917711.3125},"point_estimate":6892484.5,"standard_error":20468.630572853137},"median_abs_dev":{"confidence_interval":{"confidence_level":0.95,"lower_bound":95071.63064964116,"upper_bound":170714.4372817129},"point_estimate":131597.24158868194,"standard_error":20101.202485165628},"slope":null,"std_dev":{"confidence_interval":{"confidence_level":0.95,"lower_bound":117043.32202770536,"upper_bound":166547.38480716627},"point_estimate":141851.5978352312,"standard_error":12707.201723356922}}