{"mean":{"confidence_interval":{"confidence_level":0.95,"lower_bound":6840738.5998125,"upper_bound":6875146.4670625},"point_estimate":6857625.20125,"standard_error":8805.630194756211},"median":{"confidence_interval":{"confidence_level":0.95,"lower_bound":6854392.75,"upper_bound":6886272.25},"point_estimate":6865764.5625,"standard_error":9392.692785365281},"median_abs_dev":{"confidence_interval":{"confidence_level":0.95,"lower_bound":51720.12943178415,"upper_bound":101515.0101352483},"point_estimate":81528.72852757573,"standard_error":12407.048791143272},"slope":null,"std_dev":{"confidence_interval":{"confidence_level":0.95,"lower_bound":70535.58416652681,"upper_bound":106908.22035334536},"point_estimate":88436.52093809503,"standard_error":9406.306365323615}}