{"mean":{"confidence_interval":{"confidence_level":0.95,"lower_bound":6599737.3554375,"upper_bound":6614209.34475},"point_estimate":6606995.64125,"standard_error":3688.71240067777},"median":{"confidence_interval":{"confidence_level":0.95,"lower_bound":6601517.375,"upper_bound":6615021.125},"point_estimate":6610606.625,"standard_error":3093.1550825958},"median_abs_dev":{"confidence_interval":{"confidence_level":0.95,"lower_bound":23535.996594652534,"upper_bound":37255.51343858242},"point_estimate":31232.080395519733,"standard_error":3466.375791655938},"slope":null,"std_dev":{"confidence_interval":{"confidence_level":0.95,"lower_bound":30163.15711652863,"upper_bound":43516.54019014075},"point_estimate":37038.95108854718,"standard_error":3402.524094398027}}