{"mean":{"confidence_interval":{"confidence_level":0.95,"lower_bound":0.038188382001735334,"upper_bound":0.0798365320312946},"point_estimate":0.057359315854150994,"standard_error":0.010503789612826653},"median":{"confidence_interval":{"confidence_level":0.95,"lower_bound":0.03431541934670146,"upper_bound":0.07891467673812036},"point_estimate":0.05515301713734,"standard_error":0.010588553493176507}}