{"mean":{"confidence_interval":{"confidence_level":0.95,"lower_bound":84576.23965107696,"upper_bound":84857.33709557321},"point_estimate":84689.11378452553,"standard_error":73.86350640159584},"median":{"confidence_interval":{"confidence_level":0.95,"lower_bound":84528.9769705603,"upper_bound":84624.03985682111},"point_estimate":84576.50782326992,"standard_error":27.5069281114979},"median_abs_dev":{"confidence_interval":{"confidence_level":0.95,"lower_bound":181.3291910210896,"upper_bound":357.8220288036391},"point_estimate":278.95973264245,"standard_error":46.836436888510455},"slope":{"confidence_interval":{"confidence_level":0.95,"lower_bound":84563.69660332725,"upper_bound":85116.09975052063},"point_estimate":84765.91033323482,"standard_error":151.07899623853532},"std_dev":{"confidence_interval":{"confidence_level":0.95,"lower_bound":267.7716609528552,"upper_bound":1203.9071876405544},"point_estimate":743.6452472648144,"standard_error":308.37647746158933}}