{"mean":{"confidence_interval":{"confidence_level":0.95,"lower_bound":0.018919008770233853,"upper_bound":0.036388587750623286},"point_estimate":0.02745911614880603,"standard_error":0.00445915466142362},"median":{"confidence_interval":{"confidence_level":0.95,"lower_bound":0.010732131069914441,"upper_bound":0.044937487315153346},"point_estimate":0.03044516036860112,"standard_error":0.008900398101933356}}