{"mean":{"confidence_interval":{"confidence_level":0.95,"lower_bound":-0.04435636741790493,"upper_bound":-0.028802972738690116},"point_estimate":-0.036775589788613394,"standard_error":0.003987850646347603},"median":{"confidence_interval":{"confidence_level":0.95,"lower_bound":-0.05719941014397334,"upper_bound":-0.03924492871115537},"point_estimate":-0.046219082035874215,"standard_error":0.004317335869887236}}