{"mean":{"confidence_interval":{"confidence_level":0.95,"lower_bound":-0.001868038261711687,"upper_bound":0.01707301324681132},"point_estimate":0.00792248050302291,"standard_error":0.004809088099415874},"median":{"confidence_interval":{"confidence_level":0.95,"lower_bound":-0.0030906505486214034,"upper_bound":0.022849478798955714},"point_estimate":0.008067187454594116,"standard_error":0.006804352435847861}}