{"mean":{"confidence_interval":{"confidence_level":0.95,"lower_bound":-0.02571933722238273,"upper_bound":-0.012599163122970651},"point_estimate":-0.019186718560005422,"standard_error":0.00335575855187915},"median":{"confidence_interval":{"confidence_level":0.95,"lower_bound":-0.03313979884524143,"upper_bound":-0.01667855534275975},"point_estimate":-0.025263480529967186,"standard_error":0.004224009951871267}}