{"mean":{"confidence_interval":{"confidence_level":0.95,"lower_bound":0.002415010893844102,"upper_bound":0.019227994458156573},"point_estimate":0.010770024152138014,"standard_error":0.004290669186763981},"median":{"confidence_interval":{"confidence_level":0.95,"lower_bound":-0.00017871378747369437,"upper_bound":0.024326862677321204},"point_estimate":0.014484546711790003,"standard_error":0.00672521249496735}}