{"mean":{"confidence_interval":{"confidence_level":0.95,"lower_bound":0.024501297093146565,"upper_bound":0.041430318562353644},"point_estimate":0.033000333261067105,"standard_error":0.004316076058018821},"median":{"confidence_interval":{"confidence_level":0.95,"lower_bound":0.02473423304808331,"upper_bound":0.050258323774647895},"point_estimate":0.038575724873147754,"standard_error":0.006471479312775493}}