{"mean":{"confidence_interval":{"confidence_level":0.95,"lower_bound":0.0013239918735101566,"upper_bound":0.015772284989054284},"point_estimate":0.008629901262130035,"standard_error":0.0036841608849313193},"median":{"confidence_interval":{"confidence_level":0.95,"lower_bound":-0.0052847841956152886,"upper_bound":0.014370260484695134},"point_estimate":0.007558513283632218,"standard_error":0.0054579962795601586}}