{"mean":{"confidence_interval":{"confidence_level":0.95,"lower_bound":-0.00964190935938733,"upper_bound":0.009662720740110925},"point_estimate":-0.00028979541017382093,"standard_error":0.004911765148878984},"median":{"confidence_interval":{"confidence_level":0.95,"lower_bound":-0.010710115444630186,"upper_bound":0.018629957059571156},"point_estimate":0.006619361770862531,"standard_error":0.0074624660196176565}}