{"mean":{"confidence_interval":{"confidence_level":0.95,"lower_bound":-0.011800705790601475,"upper_bound":0.004555777571925379},"point_estimate":-0.0032866160985826065,"standard_error":0.004167041861529045},"median":{"confidence_interval":{"confidence_level":0.95,"lower_bound":-0.022233627717066606,"upper_bound":0.01009868531472402},"point_estimate":-0.009632769585967704,"standard_error":0.008636438670207601}}