{"mean":{"confidence_interval":{"confidence_level":0.95,"lower_bound":-0.00027441753091680244,"upper_bound":0.018250307033220673},"point_estimate":0.008225494684431345,"standard_error":0.004706154429960248},"median":{"confidence_interval":{"confidence_level":0.95,"lower_bound":-0.0035474884773045723,"upper_bound":0.01940626617735175},"point_estimate":0.007744850064010045,"standard_error":0.005995201633587932}}