{"mean":{"confidence_interval":{"confidence_level":0.95,"lower_bound":0.010861391837618025,"upper_bound":0.027524837711996347},"point_estimate":0.019034582487664098,"standard_error":0.004230073434902903},"median":{"confidence_interval":{"confidence_level":0.95,"lower_bound":0.007838028628339488,"upper_bound":0.03357702935254814},"point_estimate":0.016126316570944654,"standard_error":0.006729302094269636}}