{"mean":{"confidence_interval":{"confidence_level":0.95,"lower_bound":0.00944105588367572,"upper_bound":0.03449430152690015},"point_estimate":0.02178637621423607,"standard_error":0.00644670343968564},"median":{"confidence_interval":{"confidence_level":0.95,"lower_bound":0.01030851824442261,"upper_bound":0.03394564783425835},"point_estimate":0.022127558699432948,"standard_error":0.005855255200862535}}