{"mean":{"confidence_interval":{"confidence_level":0.95,"lower_bound":-0.00685980783302452,"upper_bound":0.000671562795482349},"point_estimate":-0.0028986172121079345,"standard_error":0.0019165798559111532},"median":{"confidence_interval":{"confidence_level":0.95,"lower_bound":-0.0051291427044433124,"upper_bound":0.0013547825118971346},"point_estimate":-0.0013292402909533818,"standard_error":0.0017634001851220234}}