{"mean":{"confidence_interval":{"confidence_level":0.95,"lower_bound":0.013644937722879148,"upper_bound":0.01895860701070912},"point_estimate":0.016323364065109702,"standard_error":0.0013533687368827423},"median":{"confidence_interval":{"confidence_level":0.95,"lower_bound":0.015067044408298669,"upper_bound":0.020662704873131155},"point_estimate":0.0175638591595344,"standard_error":0.0013638771999797217}}