{"mean":{"confidence_interval":{"confidence_level":0.95,"lower_bound":0.034479030587056717,"upper_bound":0.04290241823169014},"point_estimate":0.03861421698194367,"standard_error":0.0022102154535304295},"median":{"confidence_interval":{"confidence_level":0.95,"lower_bound":0.028320300387258746,"upper_bound":0.04538216309050558},"point_estimate":0.03487567754735266,"standard_error":0.004645530430366248}}