{"mean":{"confidence_interval":{"confidence_level":0.95,"lower_bound":0.03443822646535336,"upper_bound":0.04348028962887047},"point_estimate":0.03900232905724166,"standard_error":0.0022956636077632628},"median":{"confidence_interval":{"confidence_level":0.95,"lower_bound":0.034335006030856145,"upper_bound":0.040337589004509455},"point_estimate":0.037812680793586795,"standard_error":0.0015177091911423332}}