{"mean":{"confidence_interval":{"confidence_level":0.95,"lower_bound":0.06210593181270687,"upper_bound":0.07189915919650706},"point_estimate":0.06694355531371143,"standard_error":0.002504683992580113},"median":{"confidence_interval":{"confidence_level":0.95,"lower_bound":0.06332953068139036,"upper_bound":0.07558943389379291},"point_estimate":0.07072382714917236,"standard_error":0.0034822423597084566}}