{"mean":{"confidence_interval":{"confidence_level":0.95,"lower_bound":0.0025799619865553244,"upper_bound":0.027616214800441925},"point_estimate":0.013577389638527393,"standard_error":0.00677904752706478},"median":{"confidence_interval":{"confidence_level":0.95,"lower_bound":-0.00044257870926189824,"upper_bound":0.009231275427133562},"point_estimate":0.004259431729339402,"standard_error":0.002395043471820204}}