{"mean":{"confidence_interval":{"confidence_level":0.95,"lower_bound":-0.007620923011460534,"upper_bound":-0.004048592702833412},"point_estimate":-0.005746479736848498,"standard_error":0.0009085067261880793},"median":{"confidence_interval":{"confidence_level":0.95,"lower_bound":-0.0073710478976010746,"upper_bound":-0.0033441026728318847},"point_estimate":-0.005501027254817825,"standard_error":0.0009759372440096774}}