{"mean":{"confidence_interval":{"confidence_level":0.95,"lower_bound":-0.010788869079465808,"upper_bound":-0.005539101808611163},"point_estimate":-0.008197603264668563,"standard_error":0.0013362816557121896},"median":{"confidence_interval":{"confidence_level":0.95,"lower_bound":-0.010633620271878419,"upper_bound":-0.005114058950634184},"point_estimate":-0.008293942661310227,"standard_error":0.001425787608289074}}