{"mean":{"confidence_interval":{"confidence_level":0.95,"lower_bound":-0.01482952615550016,"upper_bound":-0.010952641278245523},"point_estimate":-0.012824777071236082,"standard_error":0.0009848679633828411},"median":{"confidence_interval":{"confidence_level":0.95,"lower_bound":-0.014146578343662385,"upper_bound":-0.010316585908468956},"point_estimate":-0.012218324545037351,"standard_error":0.0009582577661902594}}