{"mean":{"confidence_interval":{"confidence_level":0.95,"lower_bound":0.046299528005959344,"upper_bound":0.05407043394728537},"point_estimate":0.05040926521360678,"standard_error":0.0019833857586650837},"median":{"confidence_interval":{"confidence_level":0.95,"lower_bound":0.049114372669875284,"upper_bound":0.05657631461736545},"point_estimate":0.053573685506432156,"standard_error":0.001955303994233269}}