{"mean":{"confidence_interval":{"confidence_level":0.95,"lower_bound":0.006574451724016147,"upper_bound":0.015026133756421423},"point_estimate":0.010830646452592019,"standard_error":0.00215955151780022},"median":{"confidence_interval":{"confidence_level":0.95,"lower_bound":0.009212291586190968,"upper_bound":0.0176424743424477},"point_estimate":0.012629346827064847,"standard_error":0.0021131822138355217}}