{"mean":{"confidence_interval":{"confidence_level":0.95,"lower_bound":-0.036717660876196156,"upper_bound":-0.03075432096014303},"point_estimate":-0.033791933400792784,"standard_error":0.001519383945031385},"median":{"confidence_interval":{"confidence_level":0.95,"lower_bound":-0.03657543882337888,"upper_bound":-0.030055186677736545},"point_estimate":-0.03420680974042001,"standard_error":0.0017007361430283461}}