{"mean":{"confidence_interval":{"confidence_level":0.95,"lower_bound":1337861.9762867647,"upper_bound":1348437.3402879904},"point_estimate":1343243.313484477,"standard_error":2705.982357384146},"median":{"confidence_interval":{"confidence_level":0.95,"lower_bound":1336368.766727941,"upper_bound":1352621.044117647},"point_estimate":1341656.5529411766,"standard_error":3928.828168429777},"median_abs_dev":{"confidence_interval":{"confidence_level":0.95,"lower_bound":764.1407476101203,"upper_bound":17136.528776868494},"point_estimate":11844.916831573437,"standard_error":4579.65610245711},"slope":{"confidence_interval":{"confidence_level":0.95,"lower_bound":1340816.9862169565,"upper_bound":1349799.7726600075},"point_estimate":1345029.9799847212,"standard_error":2280.002034638309},"std_dev":{"confidence_interval":{"confidence_level":0.95,"lower_bound":5283.134544891762,"upper_bound":11255.08684429455},"point_estimate":8998.200783345932,"standard_error":1572.9005852336074}}