{"mean":{"confidence_interval":{"confidence_level":0.95,"lower_bound":6645697.6426875,"upper_bound":6722686.97853125},"point_estimate":6683942.9475,"standard_error":19693.72274426704},"median":{"confidence_interval":{"confidence_level":0.95,"lower_bound":6612341.0625,"upper_bound":6712195.4375},"point_estimate":6684996.625,"standard_error":25429.35006571535},"median_abs_dev":{"confidence_interval":{"confidence_level":0.95,"lower_bound":153469.29770037532,"upper_bound":252782.2762247175},"point_estimate":199583.25331918895,"standard_error":24962.279103012937},"slope":null,"std_dev":{"confidence_interval":{"confidence_level":0.95,"lower_bound":172129.912743804,"upper_bound":220950.4745420117},"point_estimate":198053.28942179345,"standard_error":12461.581583252108}}