{"mean":{"confidence_interval":{"confidence_level":0.95,"lower_bound":6659840.180749999,"upper_bound":6728265.458875},"point_estimate":6693801.21625,"standard_error":17470.400554378775},"median":{"confidence_interval":{"confidence_level":0.95,"lower_bound":6638535.875,"upper_bound":6726011.75},"point_estimate":6669036.875,"standard_error":22232.864318425836},"median_abs_dev":{"confidence_interval":{"confidence_level":0.95,"lower_bound":145237.71732151508,"upper_bound":230139.73143920302},"point_estimate":185409.59757082164,"standard_error":20649.05530753593},"slope":null,"std_dev":{"confidence_interval":{"confidence_level":0.95,"lower_bound":152193.93895353965,"upper_bound":196917.91775784906},"point_estimate":175470.1187279517,"standard_error":11428.661556920875}}