{"mean":{"confidence_interval":{"confidence_level":0.95,"lower_bound":6682822.14634375,"upper_bound":6733283.2589374995},"point_estimate":6707749.08625,"standard_error":12898.778985419116},"median":{"confidence_interval":{"confidence_level":0.95,"lower_bound":6649634.75,"upper_bound":6733647.75},"point_estimate":6685138.0625,"standard_error":19484.708402890985},"median_abs_dev":{"confidence_interval":{"confidence_level":0.95,"lower_bound":101894.46306601167,"upper_bound":163653.55722363107},"point_estimate":132720.6817187369,"standard_error":14543.626506925584},"slope":null,"std_dev":{"confidence_interval":{"confidence_level":0.95,"lower_bound":113510.8022780494,"upper_bound":144264.37794038214},"point_estimate":130106.70254117521,"standard_error":7824.5072886066455}}