{"mean":{"confidence_interval":{"confidence_level":0.95,"lower_bound":6516561.46021875,"upper_bound":6598195.4481875},"point_estimate":6557075.6175,"standard_error":20897.93662111633},"median":{"confidence_interval":{"confidence_level":0.95,"lower_bound":6478652.6875,"upper_bound":6587228.4375},"point_estimate":6534342.3125,"standard_error":30055.007225453373},"median_abs_dev":{"confidence_interval":{"confidence_level":0.95,"lower_bound":171757.72435069084,"upper_bound":289100.97180493176},"point_estimate":213588.35598304868,"standard_error":31050.25665476493},"slope":null,"std_dev":{"confidence_interval":{"confidence_level":0.95,"lower_bound":184872.69214500472,"upper_bound":232124.61889933847},"point_estimate":210719.43459642027,"standard_error":12095.188447649296}}