{"mean":{"confidence_interval":{"confidence_level":0.95,"lower_bound":6701943.086468751,"upper_bound":6771074.7796875},"point_estimate":6736253.3175,"standard_error":17655.546877434368},"median":{"confidence_interval":{"confidence_level":0.95,"lower_bound":6665631.625,"upper_bound":6774521.625},"point_estimate":6724862.8125,"standard_error":31369.566358400905},"median_abs_dev":{"confidence_interval":{"confidence_level":0.95,"lower_bound":157757.71812424064,"upper_bound":241377.74657718837},"point_estimate":207202.33458392322,"standard_error":21268.13634589226},"slope":null,"std_dev":{"confidence_interval":{"confidence_level":0.95,"lower_bound":156021.07401941533,"upper_bound":196446.79351639567},"point_estimate":177378.71082531565,"standard_error":10347.993800961089}}