{"mean":{"confidence_interval":{"confidence_level":0.95,"lower_bound":6534676.222,"upper_bound":6585849.0053125},"point_estimate":6559743.4425,"standard_error":13062.496488893654},"median":{"confidence_interval":{"confidence_level":0.95,"lower_bound":6505720.0,"upper_bound":6560502.75},"point_estimate":6535888.6875,"standard_error":16053.262870919887},"median_abs_dev":{"confidence_interval":{"confidence_level":0.95,"lower_bound":81074.12631064653,"upper_bound":142463.50404951707},"point_estimate":112130.88925927877,"standard_error":15066.5111702675},"slope":null,"std_dev":{"confidence_interval":{"confidence_level":0.95,"lower_bound":106614.39157829902,"upper_bound":154115.5588726236},"point_estimate":131449.22602378944,"standard_error":12155.578069284016}}