{"mean":{"confidence_interval":{"confidence_level":0.95,"lower_bound":-0.016257541875033036,"upper_bound":-0.0030128666399998408},"point_estimate":-0.009718447637204086,"standard_error":0.0033739612227935514},"median":{"confidence_interval":{"confidence_level":0.95,"lower_bound":-0.015146949934403908,"upper_bound":0.00475611621685168},"point_estimate":-0.00876642472230904,"standard_error":0.005653641631253475}}