{"mean":{"confidence_interval":{"confidence_level":0.95,"lower_bound":-0.04585338176885562,"upper_bound":-0.03323574957672246},"point_estimate":-0.039625437002679176,"standard_error":0.0032146466657675026},"median":{"confidence_interval":{"confidence_level":0.95,"lower_bound":-0.052514266301047496,"upper_bound":-0.03378734668403838},"point_estimate":-0.04164013573733516,"standard_error":0.004895773393997567}}