{"mean":{"confidence_interval":{"confidence_level":0.95,"lower_bound":0.021143668886036117,"upper_bound":0.057407149259768184},"point_estimate":0.0386219985217402,"standard_error":0.00926261636338747},"median":{"confidence_interval":{"confidence_level":0.95,"lower_bound":0.028550165291216345,"upper_bound":0.07555264867070188},"point_estimate":0.0447003122017251,"standard_error":0.011641082516408056}}