{"mean":{"confidence_interval":{"confidence_level":0.95,"lower_bound":0.053418845753534894,"upper_bound":0.0725215448094439},"point_estimate":0.06303367177236585,"standard_error":0.004851064198144147},"median":{"confidence_interval":{"confidence_level":0.95,"lower_bound":0.049828961819691875,"upper_bound":0.0720672751667204},"point_estimate":0.06379069353082145,"standard_error":0.005821890072907644}}