{"mean":{"confidence_interval":{"confidence_level":0.95,"lower_bound":-0.045061766125567906,"upper_bound":-0.031805011219122305},"point_estimate":-0.03850283945526889,"standard_error":0.0033801604563600154},"median":{"confidence_interval":{"confidence_level":0.95,"lower_bound":-0.046618557439790806,"upper_bound":-0.03283961430057951},"point_estimate":-0.04149946355249656,"standard_error":0.0035361419623878426}}