{"mean":{"confidence_interval":{"confidence_level":0.95,"lower_bound":-0.005669043814777054,"upper_bound":0.0075932612289082765},"point_estimate":0.0011285505296505516,"standard_error":0.0033802352240375707},"median":{"confidence_interval":{"confidence_level":0.95,"lower_bound":-0.006691220582240809,"upper_bound":0.011205671284149732},"point_estimate":0.006364162131044182,"standard_error":0.004631022267263267}}