{"mean":{"confidence_interval":{"confidence_level":0.95,"lower_bound":-0.016227787469121378,"upper_bound":0.006163814365271736},"point_estimate":-0.004840707488905749,"standard_error":0.005743912912290129},"median":{"confidence_interval":{"confidence_level":0.95,"lower_bound":-0.019863060998921322,"upper_bound":0.010434012315377217},"point_estimate":-0.0029895086829776485,"standard_error":0.008109424130554824}}