{"mean":{"confidence_interval":{"confidence_level":0.95,"lower_bound":-0.006913350032747669,"upper_bound":0.014121444263029026},"point_estimate":0.003038357027187022,"standard_error":0.005360109836323388},"median":{"confidence_interval":{"confidence_level":0.95,"lower_bound":-0.00862281909289564,"upper_bound":0.01513020942831327},"point_estimate":0.00623194250596093,"standard_error":0.006528655887492765}}