{"mean":{"confidence_interval":{"confidence_level":0.95,"lower_bound":-0.05555338711747009,"upper_bound":-0.037741909094124546},"point_estimate":-0.046586737351542507,"standard_error":0.004555947838693776},"median":{"confidence_interval":{"confidence_level":0.95,"lower_bound":-0.06159029497360469,"upper_bound":-0.03391576442096944},"point_estimate":-0.04575879795519444,"standard_error":0.0073348003445250515}}