{"mean":{"confidence_interval":{"confidence_level":0.95,"lower_bound":-0.05543218317015053,"upper_bound":-0.02615520990198984},"point_estimate":-0.04072866886831772,"standard_error":0.007448806373479619},"median":{"confidence_interval":{"confidence_level":0.95,"lower_bound":-0.07091988408007088,"upper_bound":-0.049492114298744894},"point_estimate":-0.064055626222144,"standard_error":0.0056159566021689936}}