{"mean":{"confidence_interval":{"confidence_level":0.95,"lower_bound":-0.07183681465268724,"upper_bound":-0.04323342956002301},"point_estimate":-0.0578149628037381,"standard_error":0.007312661388225976},"median":{"confidence_interval":{"confidence_level":0.95,"lower_bound":-0.06619774606462092,"upper_bound":-0.03499293155096739},"point_estimate":-0.04396947228462189,"standard_error":0.007598284977010097}}