{"mean":{"confidence_interval":{"confidence_level":0.95,"lower_bound":-0.003065935276376946,"upper_bound":0.03685359090954671},"point_estimate":0.017672965323253687,"standard_error":0.010252370750720548},"median":{"confidence_interval":{"confidence_level":0.95,"lower_bound":-0.030573950153249065,"upper_bound":0.03733790498543721},"point_estimate":-0.010770474730531499,"standard_error":0.016745340599998517}}