{"mean":{"confidence_interval":{"confidence_level":0.95,"lower_bound":0.0814258779681433,"upper_bound":0.08949247421540835},"point_estimate":0.08551909345616826,"standard_error":0.002057583667826314},"median":{"confidence_interval":{"confidence_level":0.95,"lower_bound":0.08107243475675506,"upper_bound":0.09450362488652497},"point_estimate":0.08363156422417317,"standard_error":0.00357007366357342}}