{"mean":{"confidence_interval":{"confidence_level":0.95,"lower_bound":0.14918905139215669,"upper_bound":0.16768405251348648},"point_estimate":0.15751306828471723,"standard_error":0.004718172994275649},"median":{"confidence_interval":{"confidence_level":0.95,"lower_bound":0.14624384142307267,"upper_bound":0.16313767783837718},"point_estimate":0.1476254604501701,"standard_error":0.004179905494085003}}