{"mean":{"confidence_interval":{"confidence_level":0.95,"lower_bound":0.044580411888821274,"upper_bound":0.04792869758854983},"point_estimate":0.046269626551274534,"standard_error":0.0008518196275367669},"median":{"confidence_interval":{"confidence_level":0.95,"lower_bound":0.04546918313962145,"upper_bound":0.047641654430234937},"point_estimate":0.046969394490498306,"standard_error":0.0006133345415084531}}