{"mean":{"confidence_interval":{"confidence_level":0.95,"lower_bound":0.06461663146740595,"upper_bound":0.0731299511983021},"point_estimate":0.06879157615553222,"standard_error":0.002173095592861057},"median":{"confidence_interval":{"confidence_level":0.95,"lower_bound":0.06142720101849508,"upper_bound":0.0794714390351261},"point_estimate":0.0653587762369312,"standard_error":0.004187441559094766}}