{"mean":{"confidence_interval":{"confidence_level":0.95,"lower_bound":0.07864346879146641,"upper_bound":0.08573563118548355},"point_estimate":0.08216928559914183,"standard_error":0.0018118778419935568},"median":{"confidence_interval":{"confidence_level":0.95,"lower_bound":0.07652342933551926,"upper_bound":0.08921193560942342},"point_estimate":0.0784059453069943,"standard_error":0.0031433862626683664}}