{"mean":{"confidence_interval":{"confidence_level":0.95,"lower_bound":0.054644602579960885,"upper_bound":0.05757504544334261},"point_estimate":0.05606584170339257,"standard_error":0.0007441279239713108},"median":{"confidence_interval":{"confidence_level":0.95,"lower_bound":0.0537606602015559,"upper_bound":0.057800091267716125},"point_estimate":0.055143083437034335,"standard_error":0.0010706951823029232}}