{"mean":{"confidence_interval":{"confidence_level":0.95,"lower_bound":0.05373197845501836,"upper_bound":0.05794106732016598},"point_estimate":0.055817536146420155,"standard_error":0.0010743355845269516},"median":{"confidence_interval":{"confidence_level":0.95,"lower_bound":0.052784745943031286,"upper_bound":0.05644165909765731},"point_estimate":0.05440567321914935,"standard_error":0.0009430686813334131}}