{"mean":{"confidence_interval":{"confidence_level":0.95,"lower_bound":0.07550319903153477,"upper_bound":0.0831222314657346},"point_estimate":0.07921303182107065,"standard_error":0.0019453583865618107},"median":{"confidence_interval":{"confidence_level":0.95,"lower_bound":0.07194218032218425,"upper_bound":0.08819254257714437},"point_estimate":0.07526986650096168,"standard_error":0.004102731731773655}}