{"mean":{"confidence_interval":{"confidence_level":0.95,"lower_bound":0.05073457027461802,"upper_bound":0.05485085537605835},"point_estimate":0.052856716235202716,"standard_error":0.0010487867558138032},"median":{"confidence_interval":{"confidence_level":0.95,"lower_bound":0.050443877114134894,"upper_bound":0.05548800536569365},"point_estimate":0.051912776202675204,"standard_error":0.0013888724127672795}}