{"mean":{"confidence_interval":{"confidence_level":0.95,"lower_bound":0.01572888905904592,"upper_bound":0.018758251163266935},"point_estimate":0.017243755046361775,"standard_error":0.0007705249131242516},"median":{"confidence_interval":{"confidence_level":0.95,"lower_bound":0.016042680230480055,"upper_bound":0.01858835486990862},"point_estimate":0.017176582333740198,"standard_error":0.0006460694903643106}}