{"mean":{"confidence_interval":{"confidence_level":0.95,"lower_bound":0.06538053833716866,"upper_bound":0.07794903383129628},"point_estimate":0.07131735805773931,"standard_error":0.003185673372416203},"median":{"confidence_interval":{"confidence_level":0.95,"lower_bound":0.06311091736943597,"upper_bound":0.07768342258694028},"point_estimate":0.06582383624967125,"standard_error":0.0037039446208500647}}