{"mean":{"confidence_interval":{"confidence_level":0.95,"lower_bound":0.039601008553084405,"upper_bound":0.04934239110518763},"point_estimate":0.04466351953112091,"standard_error":0.002476280414106249},"median":{"confidence_interval":{"confidence_level":0.95,"lower_bound":0.04382950115002715,"upper_bound":0.0482714483988913},"point_estimate":0.046605199710038736,"standard_error":0.001136951056123314}}