{"mean":{"confidence_interval":{"confidence_level":0.95,"lower_bound":0.03958156955437773,"upper_bound":0.0439390003031236},"point_estimate":0.04201124668855383,"standard_error":0.0011233077807441167},"median":{"confidence_interval":{"confidence_level":0.95,"lower_bound":0.04140354213901487,"upper_bound":0.044307558590390254},"point_estimate":0.04303157781082545,"standard_error":0.0007727428913879659}}