{"mean":{"confidence_interval":{"confidence_level":0.95,"lower_bound":24388206.843416665,"upper_bound":24503216.39175},"point_estimate":24442882.259999994,"standard_error":29423.722845264907},"median":{"confidence_interval":{"confidence_level":0.95,"lower_bound":24342488.666666668,"upper_bound":24490681.0},"point_estimate":24400747.833333336,"standard_error":31692.380412825296},"median_abs_dev":{"confidence_interval":{"confidence_level":0.95,"lower_bound":180174.69150125887,"upper_bound":303789.1824066639},"point_estimate":223415.95523356838,"standard_error":31125.859646240257},"slope":null,"std_dev":{"confidence_interval":{"confidence_level":0.95,"lower_bound":205663.9631454981,"upper_bound":403319.2978259795},"point_estimate":295704.5105767925,"standard_error":56176.57605062551}}