{"mean":{"confidence_interval":{"confidence_level":0.95,"lower_bound":6731738.0585624995,"upper_bound":6780284.84221875},"point_estimate":6755980.25,"standard_error":12371.968992000882},"median":{"confidence_interval":{"confidence_level":0.95,"lower_bound":6679879.875,"upper_bound":6781569.8125},"point_estimate":6717152.9375,"standard_error":28596.27327758395},"median_abs_dev":{"confidence_interval":{"confidence_level":0.95,"lower_bound":87347.56277427077,"upper_bound":175845.34514062107},"point_estimate":125680.74106872082,"standard_error":23368.248236302687},"slope":null,"std_dev":{"confidence_interval":{"confidence_level":0.95,"lower_bound":111341.06342079549,"upper_bound":134535.4000747654},"point_estimate":123906.4990362968,"standard_error":5920.557380450231}}