{"mean":{"confidence_interval":{"confidence_level":0.95,"lower_bound":6732759.9003125,"upper_bound":6754921.963281251},"point_estimate":6743675.7875,"standard_error":5670.403374837536},"median":{"confidence_interval":{"confidence_level":0.95,"lower_bound":6725964.8125,"upper_bound":6751490.625},"point_estimate":6733492.0,"standard_error":6701.92671328458},"median_abs_dev":{"confidence_interval":{"confidence_level":0.95,"lower_bound":41654.75821048021,"upper_bound":66162.59908787906},"point_estimate":51423.14612455666,"standard_error":6495.484462271457},"slope":null,"std_dev":{"confidence_interval":{"confidence_level":0.95,"lower_bound":47697.89856150097,"upper_bound":65245.73459481625},"point_estimate":57032.125732610875,"standard_error":4478.735984084411}}