{"mean":{"confidence_interval":{"confidence_level":0.95,"lower_bound":7402396.221714289,"upper_bound":7577336.973999997},"point_estimate":7477421.327142861,"standard_error":45121.566990981555},"median":{"confidence_interval":{"confidence_level":0.95,"lower_bound":7378135.142857143,"upper_bound":7417056.428571428},"point_estimate":7400429.285714285,"standard_error":9871.479258450356},"median_abs_dev":{"confidence_interval":{"confidence_level":0.95,"lower_bound":57716.346175329825,"upper_bound":111937.88651270447},"point_estimate":86029.3460726738,"standard_error":13744.09881952764},"slope":null,"std_dev":{"confidence_interval":{"confidence_level":0.95,"lower_bound":102781.67321085025,"upper_bound":675792.460625321},"point_estimate":450846.6014153914,"standard_error":143644.0475378801}}