{"mean":{"confidence_interval":{"confidence_level":0.95,"lower_bound":6548537.17715625,"upper_bound":6562917.245468751},"point_estimate":6555632.36125,"standard_error":3673.2305481604794},"median":{"confidence_interval":{"confidence_level":0.95,"lower_bound":6545411.125,"upper_bound":6561733.9375},"point_estimate":6549134.6875,"standard_error":4327.950754795118},"median_abs_dev":{"confidence_interval":{"confidence_level":0.95,"lower_bound":27592.019472643733,"upper_bound":43893.8548207283},"point_estimate":34560.146686434746,"standard_error":4389.44746039964},"slope":null,"std_dev":{"confidence_interval":{"confidence_level":0.95,"lower_bound":30646.395205024586,"upper_bound":43285.1667017668},"point_estimate":36923.043260128194,"standard_error":3243.2259936473033}}