{"mean":{"confidence_interval":{"confidence_level":0.95,"lower_bound":6769401.56134375,"upper_bound":6814986.325},"point_estimate":6791227.86875,"standard_error":11569.341543456425},"median":{"confidence_interval":{"confidence_level":0.95,"lower_bound":6754325.4375,"upper_bound":6784482.125},"point_estimate":6766736.1875,"standard_error":7025.043485930048},"median_abs_dev":{"confidence_interval":{"confidence_level":0.95,"lower_bound":49279.67721261084,"upper_bound":89989.09261487424},"point_estimate":62178.38964611292,"standard_error":10364.870296153704},"slope":null,"std_dev":{"confidence_interval":{"confidence_level":0.95,"lower_bound":88234.99710370593,"upper_bound":141438.16613617842},"point_estimate":116240.6609909086,"standard_error":13613.93979322297}}