{"mean":{"confidence_interval":{"confidence_level":0.95,"lower_bound":6632087.14259375,"upper_bound":6653803.934125},"point_estimate":6642658.3625,"standard_error":5552.7066737477735},"median":{"confidence_interval":{"confidence_level":0.95,"lower_bound":6620013.25,"upper_bound":6642412.375},"point_estimate":6630720.0,"standard_error":6232.598637015836},"median_abs_dev":{"confidence_interval":{"confidence_level":0.95,"lower_bound":33982.76665918529,"upper_bound":65810.57425662875},"point_estimate":54676.80442929268,"standard_error":8007.669600145259},"slope":null,"std_dev":{"confidence_interval":{"confidence_level":0.95,"lower_bound":45206.76120619792,"upper_bound":66710.48056315994},"point_estimate":56064.9318362541,"standard_error":5537.277760749635}}