{"mean":{"confidence_interval":{"confidence_level":0.95,"lower_bound":6726291.29784375,"upper_bound":6755581.06003125},"point_estimate":6740641.0325,"standard_error":7474.162390007131},"median":{"confidence_interval":{"confidence_level":0.95,"lower_bound":6706659.5625,"upper_bound":6742420.3125},"point_estimate":6728351.5625,"standard_error":10656.083049478462},"median_abs_dev":{"confidence_interval":{"confidence_level":0.95,"lower_bound":48538.00657577813,"upper_bound":88871.02690972388},"point_estimate":71821.21987491846,"standard_error":10163.244843813061},"slope":null,"std_dev":{"confidence_interval":{"confidence_level":0.95,"lower_bound":62669.091576413506,"upper_bound":86651.26712970533},"point_estimate":75057.7048502097,"standard_error":6133.380812002199}}