{"mean":{"confidence_interval":{"confidence_level":0.95,"lower_bound":6895172.4290625,"upper_bound":6925230.7225625},"point_estimate":6910041.425,"standard_error":7691.100325401375},"median":{"confidence_interval":{"confidence_level":0.95,"lower_bound":6885186.875,"upper_bound":6918591.375},"point_estimate":6901689.0625,"standard_error":9997.22211071089},"median_abs_dev":{"confidence_interval":{"confidence_level":0.95,"lower_bound":57025.61343759298,"upper_bound":95366.76070690155},"point_estimate":75539.95125889778,"standard_error":9534.262638105944},"slope":null,"std_dev":{"confidence_interval":{"confidence_level":0.95,"lower_bound":66245.81555768223,"upper_bound":86948.53144956393},"point_estimate":77240.1034270297,"standard_error":5292.11358464672}}