{"mean":{"confidence_interval":{"confidence_level":0.95,"lower_bound":1548720251.315,"upper_bound":1633315812.08},"point_estimate":1588564165.9,"standard_error":21775325.79311933},"median":{"confidence_interval":{"confidence_level":0.95,"lower_bound":1532005915.5,"upper_bound":1648490534.0},"point_estimate":1562607510.5,"standard_error":31773559.55531717},"median_abs_dev":{"confidence_interval":{"confidence_level":0.95,"lower_bound":8358275.959610939,"upper_bound":118411162.73268163},"point_estimate":63561549.415656924,"standard_error":29077103.943888206},"slope":null,"std_dev":{"confidence_interval":{"confidence_level":0.95,"lower_bound":35321464.67717302,"upper_bound":90264935.02794002},"point_estimate":72734925.23285785,"standard_error":13963287.353363628}}