{"mean":{"confidence_interval":{"confidence_level":0.95,"lower_bound":1665383389.8,"upper_bound":1780167699.7499998},"point_estimate":1717870011.0,"standard_error":29548227.76993801},"median":{"confidence_interval":{"confidence_level":0.95,"lower_bound":1642945595.5,"upper_bound":1772293418.0},"point_estimate":1712782811.5,"standard_error":29282614.724542685},"median_abs_dev":{"confidence_interval":{"confidence_level":0.95,"lower_bound":9324419.64545846,"upper_bound":152441007.8714311},"point_estimate":80470389.362365,"standard_error":39278408.43163463},"slope":null,"std_dev":{"confidence_interval":{"confidence_level":0.95,"lower_bound":41228952.183733575,"upper_bound":133797658.96550098},"point_estimate":98730988.685595,"standard_error":25638207.649619237}}