{"mean":{"confidence_interval":{"confidence_level":0.95,"lower_bound":1703666488.26,"upper_bound":1865170110.7},"point_estimate":1778334813.9,"standard_error":41645801.120454304},"median":{"confidence_interval":{"confidence_level":0.95,"lower_bound":1678210160.0,"upper_bound":1869884416.0},"point_estimate":1729491284.0,"standard_error":53273499.11237577},"median_abs_dev":{"confidence_interval":{"confidence_level":0.95,"lower_bound":12904291.45720303,"upper_bound":220032332.95644522},"point_estimate":80860637.10353673,"standard_error":55270795.87814337},"slope":null,"std_dev":{"confidence_interval":{"confidence_level":0.95,"lower_bound":57030159.523811735,"upper_bound":179337248.1732272},"point_estimate":138895913.54491043,"standard_error":31567820.194783997}}