{"mean":{"confidence_interval":{"confidence_level":0.95,"lower_bound":1682030917.99,"upper_bound":1766656990.96},"point_estimate":1725863561.2,"standard_error":21639100.43022174},"median":{"confidence_interval":{"confidence_level":0.95,"lower_bound":1692785194.5,"upper_bound":1781616492.0},"point_estimate":1724327292.5,"standard_error":21255836.125683133},"median_abs_dev":{"confidence_interval":{"confidence_level":0.95,"lower_bound":11131196.775081754,"upper_bound":120115400.28292537},"point_estimate":62094047.49881029,"standard_error":26988008.065660235},"slope":null,"std_dev":{"confidence_interval":{"confidence_level":0.95,"lower_bound":31427128.196070313,"upper_bound":99145615.50649078},"point_estimate":72386114.33151877,"standard_error":17661540.91393622}}