{"mean":{"confidence_interval":{"confidence_level":0.95,"lower_bound":1723995427.9725,"upper_bound":1840395415.745},"point_estimate":1779558906.8,"standard_error":29906341.654185925},"median":{"confidence_interval":{"confidence_level":0.95,"lower_bound":1698917953.0,"upper_bound":1874473072.5},"point_estimate":1767013365.5,"standard_error":44546056.94240895},"median_abs_dev":{"confidence_interval":{"confidence_level":0.95,"lower_bound":6043682.393503189,"upper_bound":178659821.75075412},"point_estimate":97742177.19562948,"standard_error":44193437.23894085},"slope":null,"std_dev":{"confidence_interval":{"confidence_level":0.95,"lower_bound":50830773.35281832,"upper_bound":122657544.07553823},"point_estimate":99392589.7970189,"standard_error":18124646.431437507}}