{"mean":{"confidence_interval":{"confidence_level":0.95,"lower_bound":1610462589.9475,"upper_bound":1707914426.1},"point_estimate":1659547022.0,"standard_error":24954010.94394812},"median":{"confidence_interval":{"confidence_level":0.95,"lower_bound":1596738990.0,"upper_bound":1722254130.0},"point_estimate":1662801985.5,"standard_error":32806284.07414707},"median_abs_dev":{"confidence_interval":{"confidence_level":0.95,"lower_bound":23814457.78040886,"upper_bound":142785887.63014376},"point_estimate":91398000.69816113,"standard_error":30568133.524642352},"slope":null,"std_dev":{"confidence_interval":{"confidence_level":0.95,"lower_bound":48039040.94514649,"upper_bound":104704022.78221901},"point_estimate":83423164.18238726,"standard_error":14584069.023966363}}