{"mean":{"confidence_interval":{"confidence_level":0.95,"lower_bound":-0.02857707056730758,"upper_bound":-0.01557373005756578},"point_estimate":-0.02195543844627268,"standard_error":0.003319888485690778},"median":{"confidence_interval":{"confidence_level":0.95,"lower_bound":-0.040786408772434446,"upper_bound":-0.024351503383224782},"point_estimate":-0.031840998338116155,"standard_error":0.004267094871642046}}