{"mean":{"confidence_interval":{"confidence_level":0.95,"lower_bound":0.020803980670859736,"upper_bound":0.023319708230726672},"point_estimate":0.022126062867768193,"standard_error":0.0006413954149106433},"median":{"confidence_interval":{"confidence_level":0.95,"lower_bound":0.020529232047437507,"upper_bound":0.02300643202527497},"point_estimate":0.02168829637651548,"standard_error":0.0006731408221595825}}