{"mean":{"confidence_interval":{"confidence_level":0.95,"lower_bound":0.01712020768183858,"upper_bound":0.02733228027484997},"point_estimate":0.023097393984302883,"standard_error":0.0026708430673384404},"median":{"confidence_interval":{"confidence_level":0.95,"lower_bound":0.022291917458734822,"upper_bound":0.027974360952786492},"point_estimate":0.026578999228883182,"standard_error":0.0013546050481976618}}