{"mean":{"confidence_interval":{"confidence_level":0.95,"lower_bound":0.012700939372349607,"upper_bound":0.01549547384483586},"point_estimate":0.01408406969495024,"standard_error":0.0007144772853505028},"median":{"confidence_interval":{"confidence_level":0.95,"lower_bound":0.012974806264849148,"upper_bound":0.015518603953570187},"point_estimate":0.014220262049882804,"standard_error":0.0006265758346776301}}