{"mean":{"confidence_interval":{"confidence_level":0.95,"lower_bound":0.07600116290515829,"upper_bound":0.0782437759178608},"point_estimate":0.07705857520510517,"standard_error":0.0005705313909744467},"median":{"confidence_interval":{"confidence_level":0.95,"lower_bound":0.07580174521386174,"upper_bound":0.07759886258067761},"point_estimate":0.07660212557581692,"standard_error":0.00046778571701920656}}