{"mean":{"confidence_interval":{"confidence_level":0.95,"lower_bound":0.016790980015068596,"upper_bound":0.020194173088175865},"point_estimate":0.01857163664256789,"standard_error":0.0008665842787873884},"median":{"confidence_interval":{"confidence_level":0.95,"lower_bound":0.01703268189754792,"upper_bound":0.02013236559382392},"point_estimate":0.0182761216115932,"standard_error":0.000842951958907174}}