{"mean":{"confidence_interval":{"confidence_level":0.95,"lower_bound":0.017580470815910625,"upper_bound":0.02179628169027336},"point_estimate":0.019621339864607013,"standard_error":0.00107082235209652},"median":{"confidence_interval":{"confidence_level":0.95,"lower_bound":0.017580531108305708,"upper_bound":0.02137933722148211},"point_estimate":0.0196429975326462,"standard_error":0.0009193570628026604}}