{"mean":{"confidence_interval":{"confidence_level":0.95,"lower_bound":0.02437538306377991,"upper_bound":0.02832391800853277},"point_estimate":0.0263638492432825,"standard_error":0.0010059115529532515},"median":{"confidence_interval":{"confidence_level":0.95,"lower_bound":0.02383260551146127,"upper_bound":0.027953713563353633},"point_estimate":0.02588319592815913,"standard_error":0.0010169972555153694}}