{"mean":{"confidence_interval":{"confidence_level":0.95,"lower_bound":0.027738554748898532,"upper_bound":0.03376069367507179},"point_estimate":0.030104251457120812,"standard_error":0.001550003171067765},"median":{"confidence_interval":{"confidence_level":0.95,"lower_bound":0.02728352312026407,"upper_bound":0.03010480574747354},"point_estimate":0.02892500980426438,"standard_error":0.0006505405381444483}}