{"mean":{"confidence_interval":{"confidence_level":0.95,"lower_bound":0.012689844567562064,"upper_bound":0.0215208877318946},"point_estimate":0.016676544564525164,"standard_error":0.002328791948647151},"median":{"confidence_interval":{"confidence_level":0.95,"lower_bound":0.01078037221200745,"upper_bound":0.01561154945878318},"point_estimate":0.013749257984779772,"standard_error":0.0013155827105897561}}