{"mean":{"confidence_interval":{"confidence_level":0.95,"lower_bound":0.0205552551402175,"upper_bound":0.02266663021556938},"point_estimate":0.021604072636297156,"standard_error":0.000538294582544263},"median":{"confidence_interval":{"confidence_level":0.95,"lower_bound":0.02039456433399467,"upper_bound":0.022969087746007144},"point_estimate":0.021583216448912035,"standard_error":0.0007216537602976687}}