{"mean":{"confidence_interval":{"confidence_level":0.95,"lower_bound":0.01832007937758569,"upper_bound":0.02184908706383631},"point_estimate":0.02018592761669602,"standard_error":0.0009067425934816051},"median":{"confidence_interval":{"confidence_level":0.95,"lower_bound":0.01937899038110369,"upper_bound":0.022775722577165425},"point_estimate":0.02102518811642451,"standard_error":0.0008867248116330895}}