{"mean":{"confidence_interval":{"confidence_level":0.95,"lower_bound":0.017226988201945456,"upper_bound":0.02100897808719259},"point_estimate":0.01929061613497285,"standard_error":0.0009699719530610012},"median":{"confidence_interval":{"confidence_level":0.95,"lower_bound":0.01804867000931587,"upper_bound":0.021372435667674106},"point_estimate":0.02003531715179263,"standard_error":0.0007918274190420031}}