{"mean":{"confidence_interval":{"confidence_level":0.95,"lower_bound":29598532.380375,"upper_bound":30020193.567625},"point_estimate":29805146.185,"standard_error":107442.1556780001},"median":{"confidence_interval":{"confidence_level":0.95,"lower_bound":29386549.5,"upper_bound":29909349.75},"point_estimate":29744996.25,"standard_error":134557.74102165762},"median_abs_dev":{"confidence_interval":{"confidence_level":0.95,"lower_bound":769058.4930227327,"upper_bound":1249292.8527206182},"point_estimate":982132.0439636707,"standard_error":124788.86318668441},"slope":null,"std_dev":{"confidence_interval":{"confidence_level":0.95,"lower_bound":913786.8959382041,"upper_bound":1226792.097069852},"point_estimate":1079791.9803860574,"standard_error":80271.2936612303}}