{"mean":{"confidence_interval":{"confidence_level":0.95,"lower_bound":27327948.166625,"upper_bound":27694386.799375},"point_estimate":27506149.28,"standard_error":93492.71230095164},"median":{"confidence_interval":{"confidence_level":0.95,"lower_bound":27090038.5,"upper_bound":27422797.0},"point_estimate":27246580.75,"standard_error":87607.94857411679},"median_abs_dev":{"confidence_interval":{"confidence_level":0.95,"lower_bound":458698.64065647125,"upper_bound":871015.6237363815},"point_estimate":667278.2179534435,"standard_error":104129.47117269825},"slope":null,"std_dev":{"confidence_interval":{"confidence_level":0.95,"lower_bound":749087.8596321032,"upper_bound":1117826.5365054605},"point_estimate":940185.5729365946,"standard_error":94376.11977904414}}