{"mean":{"confidence_interval":{"confidence_level":0.95,"lower_bound":25719740.019,"upper_bound":25950884.35075},"point_estimate":25832464.735,"standard_error":59163.23605025947},"median":{"confidence_interval":{"confidence_level":0.95,"lower_bound":25602184.5,"upper_bound":25810835.0},"point_estimate":25685057.25,"standard_error":54677.59395696896},"median_abs_dev":{"confidence_interval":{"confidence_level":0.95,"lower_bound":296775.0019311905,"upper_bound":488040.4060855508},"point_estimate":388582.04010128975,"standard_error":47749.03341736316},"slope":null,"std_dev":{"confidence_interval":{"confidence_level":0.95,"lower_bound":476954.56736422813,"upper_bound":691196.4355801417},"point_estimate":593159.0066914897,"standard_error":54745.666002535516}}