{"mean":{"confidence_interval":{"confidence_level":0.95,"lower_bound":24608620.88625,"upper_bound":24837434.639875},"point_estimate":24721495.65,"standard_error":58307.787324584206},"median":{"confidence_interval":{"confidence_level":0.95,"lower_bound":24453757.5,"upper_bound":24900638.0},"point_estimate":24615195.0,"standard_error":130728.006695391},"median_abs_dev":{"confidence_interval":{"confidence_level":0.95,"lower_bound":531980.5921554565,"upper_bound":781165.7750577851},"point_estimate":678190.5244097114,"standard_error":64569.20115556041},"slope":null,"std_dev":{"confidence_interval":{"confidence_level":0.95,"lower_bound":512898.71653569245,"upper_bound":645510.492091698},"point_estimate":583156.5748302594,"standard_error":33843.97640263226}}