{"mean":{"confidence_interval":{"confidence_level":0.95,"lower_bound":26339971.549999997,"upper_bound":26577459.843125},"point_estimate":26457347.725,"standard_error":60638.04791196241},"median":{"confidence_interval":{"confidence_level":0.95,"lower_bound":26314830.25,"upper_bound":26575400.5},"point_estimate":26466592.5,"standard_error":68031.89877202663},"median_abs_dev":{"confidence_interval":{"confidence_level":0.95,"lower_bound":386124.6306449175,"upper_bound":744894.5504754782},"point_estimate":561116.2761881948,"standard_error":90741.35476393209},"slope":null,"std_dev":{"confidence_interval":{"confidence_level":0.95,"lower_bound":518135.4860949659,"upper_bound":696949.2696295342},"point_estimate":610273.6381415942,"standard_error":45761.93758317428}}