{"mean":{"confidence_interval":{"confidence_level":0.95,"lower_bound":190135.57406737976,"upper_bound":190553.7505561063},"point_estimate":190338.58952917892,"standard_error":107.14926022714437},"median":{"confidence_interval":{"confidence_level":0.95,"lower_bound":190068.51881688467,"upper_bound":190342.80527499408},"point_estimate":190227.17543103447,"standard_error":86.92591130123668},"median_abs_dev":{"confidence_interval":{"confidence_level":0.95,"lower_bound":197.49027473405374,"upper_bound":744.6983573393321},"point_estimate":371.2389252195338,"standard_error":159.59711187072375},"slope":{"confidence_interval":{"confidence_level":0.95,"lower_bound":189983.12031922402,"upper_bound":190643.09137476783},"point_estimate":190300.99536643628,"standard_error":168.84178899599925},"std_dev":{"confidence_interval":{"confidence_level":0.95,"lower_bound":411.2253286259247,"upper_bound":737.7799806547132},"point_estimate":598.2785197870396,"standard_error":83.08682137988892}}