{"mean":{"confidence_interval":{"confidence_level":0.95,"lower_bound":0.05244870180513965,"upper_bound":0.059357911193903524},"point_estimate":0.05547731317755811,"standard_error":0.001798415177933238},"median":{"confidence_interval":{"confidence_level":0.95,"lower_bound":0.05453298918605132,"upper_bound":0.0565690910677501},"point_estimate":0.055502796851718994,"standard_error":0.0005339449632669452}}