{"mean":{"confidence_interval":{"confidence_level":0.95,"lower_bound":0.0023254932476112493,"upper_bound":0.013578060857825078},"point_estimate":0.008541289412312247,"standard_error":0.00291218010411967},"median":{"confidence_interval":{"confidence_level":0.95,"lower_bound":0.005496115564519677,"upper_bound":0.014143352372147033},"point_estimate":0.011654003123810597,"standard_error":0.0021672508018801308}}