{"mean":{"confidence_interval":{"confidence_level":0.95,"lower_bound":-0.029783880829934932,"upper_bound":-0.015088481219581902},"point_estimate":-0.021922565278130968,"standard_error":0.0037576271959263567},"median":{"confidence_interval":{"confidence_level":0.95,"lower_bound":-0.02947592801180665,"upper_bound":-0.010935779858230354},"point_estimate":-0.016189081103894387,"standard_error":0.004662062229299671}}