{"mean":{"confidence_interval":{"confidence_level":0.95,"lower_bound":0.0023599103671389566,"upper_bound":0.009723130882272028},"point_estimate":0.006020985985184746,"standard_error":0.001880084625228802},"median":{"confidence_interval":{"confidence_level":0.95,"lower_bound":-0.0007991120576605892,"upper_bound":0.01154113916836308},"point_estimate":0.004084141684319809,"standard_error":0.0034501704084006555}}