{"mean":{"confidence_interval":{"confidence_level":0.95,"lower_bound":-0.005755479081241007,"upper_bound":0.003911444116299094},"point_estimate":-0.0010149162840573656,"standard_error":0.0024672733823900097},"median":{"confidence_interval":{"confidence_level":0.95,"lower_bound":-0.006698120011076392,"upper_bound":0.0059818380310474595},"point_estimate":-0.003411707956600174,"standard_error":0.003436141833314907}}