{"mean":{"confidence_interval":{"confidence_level":0.95,"lower_bound":0.002627869906476449,"upper_bound":0.012372656276840699},"point_estimate":0.007615384451003404,"standard_error":0.0024858470722195964},"median":{"confidence_interval":{"confidence_level":0.95,"lower_bound":-0.0012948111837791654,"upper_bound":0.014631732069990466},"point_estimate":0.005459308493135584,"standard_error":0.003739795809803906}}