{"mean":{"confidence_interval":{"confidence_level":0.95,"lower_bound":-0.03994799811756926,"upper_bound":-0.025125354281324192},"point_estimate":-0.03286181648291542,"standard_error":0.0037720250592617006},"median":{"confidence_interval":{"confidence_level":0.95,"lower_bound":-0.04326216394170623,"upper_bound":-0.024318028270378766},"point_estimate":-0.037396108465501676,"standard_error":0.0050812652174836645}}