{"mean":{"confidence_interval":{"confidence_level":0.95,"lower_bound":-0.03331402703846144,"upper_bound":0.002111284499960696},"point_estimate":-0.015595228423361474,"standard_error":0.009064887539363223},"median":{"confidence_interval":{"confidence_level":0.95,"lower_bound":-0.02863536507633002,"upper_bound":0.0023891082366704897},"point_estimate":-0.021406472001200605,"standard_error":0.007749195473240515}}