{"mean":{"confidence_interval":{"confidence_level":0.95,"lower_bound":-0.012734964672159408,"upper_bound":-0.005113864272945407},"point_estimate":-0.009076993273992695,"standard_error":0.0019456305934210023},"median":{"confidence_interval":{"confidence_level":0.95,"lower_bound":-0.014383463570049382,"upper_bound":-0.005176540347554992},"point_estimate":-0.010603879537938177,"standard_error":0.002237459651345738}}