{"mean":{"confidence_interval":{"confidence_level":0.95,"lower_bound":0.011497843181018968,"upper_bound":0.020722927174892464},"point_estimate":0.015987245938758887,"standard_error":0.0023435849382479066},"median":{"confidence_interval":{"confidence_level":0.95,"lower_bound":0.009503754091528371,"upper_bound":0.023906614920934155},"point_estimate":0.016542598459273306,"standard_error":0.0037440076345502103}}