{"mean":{"confidence_interval":{"confidence_level":0.95,"lower_bound":0.013231843581333093,"upper_bound":0.02044755459847056},"point_estimate":0.017049323852192044,"standard_error":0.001852946828157147},"median":{"confidence_interval":{"confidence_level":0.95,"lower_bound":0.012234595228252987,"upper_bound":0.021982294309967454},"point_estimate":0.019623589855862544,"standard_error":0.0025805606708888193}}