{"mean":{"confidence_interval":{"confidence_level":0.95,"lower_bound":-0.028497819991414257,"upper_bound":-0.014683238511842103},"point_estimate":-0.02098678897563011,"standard_error":0.0035535814288793666},"median":{"confidence_interval":{"confidence_level":0.95,"lower_bound":-0.02539877335151086,"upper_bound":-0.012742380271149045},"point_estimate":-0.01745832101322986,"standard_error":0.0033854323661000347}}