{"mean":{"confidence_interval":{"confidence_level":0.95,"lower_bound":-0.011765353206364945,"upper_bound":-0.0036022397774994304},"point_estimate":-0.007575331298788512,"standard_error":0.0020798386575224077},"median":{"confidence_interval":{"confidence_level":0.95,"lower_bound":-0.01445136240602296,"upper_bound":-0.0014480305426857187},"point_estimate":-0.006233938439290654,"standard_error":0.003313226768787355}}