{"mean":{"confidence_interval":{"confidence_level":0.95,"lower_bound":0.014131526058982213,"upper_bound":0.020776352843468036},"point_estimate":0.016756860885909663,"standard_error":0.0017478798258511194},"median":{"confidence_interval":{"confidence_level":0.95,"lower_bound":0.013498040873383792,"upper_bound":0.01667942749907314},"point_estimate":0.01462716790886942,"standard_error":0.0008005359770423669}}