{"mean":{"confidence_interval":{"confidence_level":0.95,"lower_bound":-0.011250909567880652,"upper_bound":0.004910923526346725},"point_estimate":-0.0038249965231665906,"standard_error":0.004052922489538446},"median":{"confidence_interval":{"confidence_level":0.95,"lower_bound":-0.008074629048703597,"upper_bound":-0.00406174114888469},"point_estimate":-0.006630879902138287,"standard_error":0.0011163151290675686}}