{"mean":{"confidence_interval":{"confidence_level":0.95,"lower_bound":6469275.81465625,"upper_bound":6558589.818875001},"point_estimate":6504054.9725,"standard_error":23667.164292277645},"median":{"confidence_interval":{"confidence_level":0.95,"lower_bound":6460997.625,"upper_bound":6480556.0},"point_estimate":6468158.3125,"standard_error":6096.318918653734},"median_abs_dev":{"confidence_interval":{"confidence_level":0.95,"lower_bound":27268.07137839496,"upper_bound":40869.258211925626},"point_estimate":34990.471328794956,"standard_error":3383.2230508765124},"slope":null,"std_dev":{"confidence_interval":{"confidence_level":0.95,"lower_bound":31983.80528023106,"upper_bound":392542.90964533994},"point_estimate":237663.70663198226,"standard_error":105621.00497014532}}