{"mean":{"confidence_interval":{"confidence_level":0.95,"lower_bound":0.07780144282398783,"upper_bound":0.14661202995135092},"point_estimate":0.1110900010364424,"standard_error":0.018095753749906632},"median":{"confidence_interval":{"confidence_level":0.95,"lower_bound":0.0674087370559524,"upper_bound":0.16197928083533064},"point_estimate":0.11622225304323197,"standard_error":0.024039785967084313}}