{"mean":{"confidence_interval":{"confidence_level":0.95,"lower_bound":0.08882474538084396,"upper_bound":0.15836492145819916},"point_estimate":0.12178248272064263,"standard_error":0.018074505990342198},"median":{"confidence_interval":{"confidence_level":0.95,"lower_bound":0.07044476012454481,"upper_bound":0.168023679956538},"point_estimate":0.11159089323410254,"standard_error":0.0241811953659347}}