{"mean":{"confidence_interval":{"confidence_level":0.95,"lower_bound":0.06165601912405044,"upper_bound":0.137571655133372},"point_estimate":0.09892367558375748,"standard_error":0.01966767895159229},"median":{"confidence_interval":{"confidence_level":0.95,"lower_bound":0.050236023995057666,"upper_bound":0.13000369720718696},"point_estimate":0.10141286484202672,"standard_error":0.02035548041746591}}