{"mean":{"confidence_interval":{"confidence_level":0.95,"lower_bound":0.09800540703849722,"upper_bound":0.15102612919783853},"point_estimate":0.1243414783347696,"standard_error":0.014066115832507617},"median":{"confidence_interval":{"confidence_level":0.95,"lower_bound":0.10221481936339183,"upper_bound":0.16918910975788481},"point_estimate":0.13159296689385314,"standard_error":0.015868484841973122}}