{"mean":{"confidence_interval":{"confidence_level":0.95,"lower_bound":0.12238844131809454,"upper_bound":0.21284530422278639},"point_estimate":0.16513150109797303,"standard_error":0.02314043978371759},"median":{"confidence_interval":{"confidence_level":0.95,"lower_bound":0.11477468662818735,"upper_bound":0.23191162803948995},"point_estimate":0.16843380368284744,"standard_error":0.0304764018821071}}