{"mean":{"confidence_interval":{"confidence_level":0.95,"lower_bound":-0.0013323055913795623,"upper_bound":0.05437712072863932},"point_estimate":0.024748925814961353,"standard_error":0.01407425677770343},"median":{"confidence_interval":{"confidence_level":0.95,"lower_bound":-0.020095130861427446,"upper_bound":0.061317167892949165},"point_estimate":0.001864605905833594,"standard_error":0.021224921268635635}}