{"mean":{"confidence_interval":{"confidence_level":0.95,"lower_bound":0.07718411798911841,"upper_bound":0.15615168931319282},"point_estimate":0.11596075765514402,"standard_error":0.01982526609409289},"median":{"confidence_interval":{"confidence_level":0.95,"lower_bound":0.08324848643125349,"upper_bound":0.18011211551083006},"point_estimate":0.12787027073572488,"standard_error":0.02604774757263896}}