{"mean":{"confidence_interval":{"confidence_level":0.95,"lower_bound":0.06355527619502048,"upper_bound":0.144427006862086},"point_estimate":0.1037172109061224,"standard_error":0.021041592007954964},"median":{"confidence_interval":{"confidence_level":0.95,"lower_bound":0.030280305194376078,"upper_bound":0.18092414493441722},"point_estimate":0.10167197192235844,"standard_error":0.035444227675109956}}