{"mean":{"confidence_interval":{"confidence_level":0.95,"lower_bound":0.009235639641321281,"upper_bound":0.10949561963687654},"point_estimate":0.05385533492241357,"standard_error":0.02525426602984325},"median":{"confidence_interval":{"confidence_level":0.95,"lower_bound":-0.012715508562350486,"upper_bound":0.1597582520833445},"point_estimate":0.02123469398564981,"standard_error":0.039392731292975006}}