{"mean":{"confidence_interval":{"confidence_level":0.95,"lower_bound":0.059023297873491934,"upper_bound":0.13588381798715227},"point_estimate":0.09677708335277346,"standard_error":0.01967713594769999},"median":{"confidence_interval":{"confidence_level":0.95,"lower_bound":0.05248134690548215,"upper_bound":0.15100512193483495},"point_estimate":0.09357438805657692,"standard_error":0.023753375547606863}}