{"mean":{"confidence_interval":{"confidence_level":0.95,"lower_bound":0.025879232109197518,"upper_bound":0.06821751880160443},"point_estimate":0.046647805667831,"standard_error":0.010840719131652753},"median":{"confidence_interval":{"confidence_level":0.95,"lower_bound":0.019022069272365716,"upper_bound":0.08315065011979605},"point_estimate":0.040535246377902734,"standard_error":0.017395078291335048}}