{"mean":{"confidence_interval":{"confidence_level":0.95,"lower_bound":0.08604079234484258,"upper_bound":0.19003633419694055},"point_estimate":0.13581974485655013,"standard_error":0.027105205624901634},"median":{"confidence_interval":{"confidence_level":0.95,"lower_bound":0.059023338315991936,"upper_bound":0.19095159709833043},"point_estimate":0.10587614046733296,"standard_error":0.03479810445183152}}