{"mean":{"confidence_interval":{"confidence_level":0.95,"lower_bound":0.00624238530059944,"upper_bound":0.010020589118190353},"point_estimate":0.008456743143532952,"standard_error":0.0009849581946900431},"median":{"confidence_interval":{"confidence_level":0.95,"lower_bound":0.008512527113382674,"upper_bound":0.010068479975021472},"point_estimate":0.009218482296029062,"standard_error":0.0003929606014995577}}