{"mean":{"confidence_interval":{"confidence_level":0.95,"lower_bound":6975219.120125,"upper_bound":7068922.46684375},"point_estimate":7021730.65875,"standard_error":23893.622926768545},"median":{"confidence_interval":{"confidence_level":0.95,"lower_bound":6950879.0,"upper_bound":7063984.6875},"point_estimate":7006182.4375,"standard_error":27927.412074801836},"median_abs_dev":{"confidence_interval":{"confidence_level":0.95,"lower_bound":180577.15561911464,"upper_bound":310455.69318830967},"point_estimate":237747.32255414128,"standard_error":33890.47130189881},"slope":null,"std_dev":{"confidence_interval":{"confidence_level":0.95,"lower_bound":209283.23532076055,"upper_bound":267601.708944643},"point_estimate":240137.2371461899,"standard_error":14891.756831252143}}