{"mean":{"confidence_interval":{"confidence_level":0.95,"lower_bound":6949491.214312499,"upper_bound":7024979.210624999},"point_estimate":6987898.94875,"standard_error":19260.50076330255},"median":{"confidence_interval":{"confidence_level":0.95,"lower_bound":6977772.875,"upper_bound":7052701.25},"point_estimate":7015492.625,"standard_error":20737.642727026352},"median_abs_dev":{"confidence_interval":{"confidence_level":0.95,"lower_bound":145793.81508945487,"upper_bound":228955.4375299159},"point_estimate":185731.04377761483,"standard_error":20517.81448028953},"slope":null,"std_dev":{"confidence_interval":{"confidence_level":0.95,"lower_bound":164459.60815585268,"upper_bound":218457.6457556866},"point_estimate":193406.5812879183,"standard_error":13762.716549515952}}