{"mean":{"confidence_interval":{"confidence_level":0.95,"lower_bound":6821264.4501875,"upper_bound":6949168.04453125},"point_estimate":6882843.1875,"standard_error":32573.37130372407},"median":{"confidence_interval":{"confidence_level":0.95,"lower_bound":6762876.6875,"upper_bound":6886397.8125},"point_estimate":6829811.4375,"standard_error":30327.976853969092},"median_abs_dev":{"confidence_interval":{"confidence_level":0.95,"lower_bound":220763.2132306695,"upper_bound":333904.86502200365},"point_estimate":293333.14609229565,"standard_error":28510.15907217831},"slope":null,"std_dev":{"confidence_interval":{"confidence_level":0.95,"lower_bound":251539.11912647446,"upper_bound":396848.25998580526},"point_estimate":328526.31220323313,"standard_error":37205.40488150352}}