{"mean":{"confidence_interval":{"confidence_level":0.95,"lower_bound":-0.012620471031628744,"upper_bound":-0.003194681023435353},"point_estimate":-0.007518758237021306,"standard_error":0.0024262243967976974},"median":{"confidence_interval":{"confidence_level":0.95,"lower_bound":-0.011418743371285456,"upper_bound":-0.0007216473858899786},"point_estimate":-0.006178403670319854,"standard_error":0.0027200624303319854}}