{"mean":{"confidence_interval":{"confidence_level":0.95,"lower_bound":1727831773.7,"upper_bound":1834401877.645},"point_estimate":1784404455.5,"standard_error":27467263.024528656},"median":{"confidence_interval":{"confidence_level":0.95,"lower_bound":1714475830.5,"upper_bound":1865208935.0},"point_estimate":1784650074.5,"standard_error":35832208.6813129},"median_abs_dev":{"confidence_interval":{"confidence_level":0.95,"lower_bound":7870421.2491720915,"upper_bound":153839949.17639494},"point_estimate":111456259.56935585,"standard_error":43693885.86644546},"slope":null,"std_dev":{"confidence_interval":{"confidence_level":0.95,"lower_bound":42997315.93038422,"upper_bound":116437015.53012761},"point_estimate":91680022.90143873,"standard_error":19396472.732777286}}