{"mean":{"confidence_interval":{"confidence_level":0.95,"lower_bound":6524347.70003125,"upper_bound":6575843.87753125},"point_estimate":6549328.9675,"standard_error":13131.84520964654},"median":{"confidence_interval":{"confidence_level":0.95,"lower_bound":6494421.875,"upper_bound":6533107.625},"point_estimate":6517033.3125,"standard_error":8878.726685413998},"median_abs_dev":{"confidence_interval":{"confidence_level":0.95,"lower_bound":77272.83264063299,"upper_bound":131631.52671307325},"point_estimate":106815.2123786509,"standard_error":13092.168074531151},"slope":null,"std_dev":{"confidence_interval":{"confidence_level":0.95,"lower_bound":108821.5514497757,"upper_bound":154331.70534288735},"point_estimate":132735.7284402078,"standard_error":11624.797628170345}}