{"mean":{"confidence_interval":{"confidence_level":0.95,"lower_bound":0.026157717458077663,"upper_bound":0.028864306615358586},"point_estimate":0.0275841734593103,"standard_error":0.0006912300402750166},"median":{"confidence_interval":{"confidence_level":0.95,"lower_bound":0.026999914985061935,"upper_bound":0.0287936779904705},"point_estimate":0.027661327224169696,"standard_error":0.0004544869101032604}}