{"mean":{"confidence_interval":{"confidence_level":0.95,"lower_bound":0.020298220196360277,"upper_bound":0.02587222994411395},"point_estimate":0.02357139134887909,"standard_error":0.0014516003739287024},"median":{"confidence_interval":{"confidence_level":0.95,"lower_bound":0.023974512333586162,"upper_bound":0.026037532724462187},"point_estimate":0.02490176165449598,"standard_error":0.000537806854184454}}