{"mean":{"confidence_interval":{"confidence_level":0.95,"lower_bound":0.03353949733895427,"upper_bound":0.038072351471519855},"point_estimate":0.036049632480788185,"standard_error":0.001162093427583247},"median":{"confidence_interval":{"confidence_level":0.95,"lower_bound":0.03520787480058596,"upper_bound":0.03924400145484919},"point_estimate":0.03777589120456426,"standard_error":0.0009594439858132499}}