{"mean":{"confidence_interval":{"confidence_level":0.95,"lower_bound":0.031208440466876614,"upper_bound":0.03510467816827976},"point_estimate":0.033176443686063095,"standard_error":0.0009935952017728084},"median":{"confidence_interval":{"confidence_level":0.95,"lower_bound":0.031958979216756056,"upper_bound":0.03556999869036592},"point_estimate":0.0332544509676318,"standard_error":0.001022161167410248}}