{"mean":{"confidence_interval":{"confidence_level":0.95,"lower_bound":0.024657946611693838,"upper_bound":0.028198229871000652},"point_estimate":0.026446933181189403,"standard_error":0.0009035698566373444},"median":{"confidence_interval":{"confidence_level":0.95,"lower_bound":0.025426776195387912,"upper_bound":0.02768318175956508},"point_estimate":0.026641728576980883,"standard_error":0.0005906437928718516}}