{"mean":{"confidence_interval":{"confidence_level":0.95,"lower_bound":0.028350481497480196,"upper_bound":0.032202146869892444},"point_estimate":0.030279343269350667,"standard_error":0.0009794478488013845},"median":{"confidence_interval":{"confidence_level":0.95,"lower_bound":0.02874320100059191,"upper_bound":0.03252154763194026},"point_estimate":0.030191040609656605,"standard_error":0.000999679662557373}}