{"mean":{"confidence_interval":{"confidence_level":0.95,"lower_bound":0.026907366088158562,"upper_bound":0.03142626964892158},"point_estimate":0.029354260988494918,"standard_error":0.0011521791290549626},"median":{"confidence_interval":{"confidence_level":0.95,"lower_bound":0.02870279593773528,"upper_bound":0.03272170547544251},"point_estimate":0.031034286831136404,"standard_error":0.0010475815697431534}}