{"mean":{"confidence_interval":{"confidence_level":0.95,"lower_bound":0.03223537763081613,"upper_bound":0.042136948950125604},"point_estimate":0.038215257741865516,"standard_error":0.0026777446344938677},"median":{"confidence_interval":{"confidence_level":0.95,"lower_bound":0.04044280006663903,"upper_bound":0.04213319284521422},"point_estimate":0.04130343433804118,"standard_error":0.0004280908548518022}}