{"mean":{"confidence_interval":{"confidence_level":0.95,"lower_bound":0.02841618861196511,"upper_bound":0.031136667666782487},"point_estimate":0.029860561671327446,"standard_error":0.0006868349539129414},"median":{"confidence_interval":{"confidence_level":0.95,"lower_bound":0.02880721806001696,"upper_bound":0.031377603055653625},"point_estimate":0.030185609748823783,"standard_error":0.000625381153227334}}