{"mean":{"confidence_interval":{"confidence_level":0.95,"lower_bound":0.08621107743004947,"upper_bound":0.09371158458439005},"point_estimate":0.08915096186050109,"standard_error":0.0019372597020558282},"median":{"confidence_interval":{"confidence_level":0.95,"lower_bound":0.0870454055949883,"upper_bound":0.08907863477678246},"point_estimate":0.0883148771986253,"standard_error":0.0005273773614209292}}