{"mean":{"confidence_interval":{"confidence_level":0.95,"lower_bound":0.03495346427392788,"upper_bound":0.038686355536954105},"point_estimate":0.036870892477659734,"standard_error":0.0009520539598802047},"median":{"confidence_interval":{"confidence_level":0.95,"lower_bound":0.03521132299483454,"upper_bound":0.03846945123929113},"point_estimate":0.03710212960580472,"standard_error":0.0008849389450965084}}