{"mean":{"confidence_interval":{"confidence_level":0.95,"lower_bound":0.03446071472546591,"upper_bound":0.03756657892351783},"point_estimate":0.03614439998888663,"standard_error":0.000794161522764017},"median":{"confidence_interval":{"confidence_level":0.95,"lower_bound":0.03544838593630839,"upper_bound":0.03824599455392397},"point_estimate":0.036967318167025365,"standard_error":0.0007263033997196606}}