{"mean":{"confidence_interval":{"confidence_level":0.95,"lower_bound":-0.0011232954718027263,"upper_bound":0.0027696415477442664},"point_estimate":0.0009622875665253883,"standard_error":0.000991216492831941},"median":{"confidence_interval":{"confidence_level":0.95,"lower_bound":0.0002735372290156305,"upper_bound":0.003147066117861197},"point_estimate":0.002212173888986424,"standard_error":0.0007459972771816526}}