{"mean":{"confidence_interval":{"confidence_level":0.95,"lower_bound":0.005181769554318816,"upper_bound":0.01342707351102294},"point_estimate":0.010158648144911187,"standard_error":0.0021795033147040113},"median":{"confidence_interval":{"confidence_level":0.95,"lower_bound":0.011363951885762447,"upper_bound":0.013237170477594873},"point_estimate":0.012350934684255854,"standard_error":0.000454946531152185}}