{"mean":{"confidence_interval":{"confidence_level":0.95,"lower_bound":-0.008486616409750949,"upper_bound":-0.0023282552915664953},"point_estimate":-0.005245809376633437,"standard_error":0.001555658298106206},"median":{"confidence_interval":{"confidence_level":0.95,"lower_bound":-0.0050326853337250505,"upper_bound":-0.0027556429780030566},"point_estimate":-0.003943389906587824,"standard_error":0.0005801380438813533}}