{"mean":{"confidence_interval":{"confidence_level":0.95,"lower_bound":-0.010475871520251116,"upper_bound":0.0002002626400401386},"point_estimate":-0.0042080317825886615,"standard_error":0.002794978649231425},"median":{"confidence_interval":{"confidence_level":0.95,"lower_bound":0.0006425460861574361,"upper_bound":0.0022412158015987504},"point_estimate":0.0013794350384288556,"standard_error":0.0004122663694066036}}