{"mean":{"confidence_interval":{"confidence_level":0.95,"lower_bound":0.004827063438848068,"upper_bound":0.013160750053126434},"point_estimate":0.01012051214957288,"standard_error":0.0023469081506508303},"median":{"confidence_interval":{"confidence_level":0.95,"lower_bound":0.011348120178141796,"upper_bound":0.014599532046868813},"point_estimate":0.01355259010144283,"standard_error":0.0007910099574572837}}