{"mean":{"confidence_interval":{"confidence_level":0.95,"lower_bound":0.022188611472478005,"upper_bound":0.03402216663080531},"point_estimate":0.027587394770972606,"standard_error":0.0030728160828549077},"median":{"confidence_interval":{"confidence_level":0.95,"lower_bound":0.025327207699969063,"upper_bound":0.027317675148482268},"point_estimate":0.026522420822294057,"standard_error":0.0005140357435421404}}