{"mean":{"confidence_interval":{"confidence_level":0.95,"lower_bound":-0.007954680931612113,"upper_bound":-0.00484523033485329},"point_estimate":-0.006186749692273508,"standard_error":0.0008023185249341551},"median":{"confidence_interval":{"confidence_level":0.95,"lower_bound":-0.006225952714918437,"upper_bound":-0.004214187875482667},"point_estimate":-0.005032718245160384,"standard_error":0.0005091277248582852}}