{"mean":{"confidence_interval":{"confidence_level":0.95,"lower_bound":-0.0018219654272981249,"upper_bound":0.007628771840944596},"point_estimate":0.0029874599372250454,"standard_error":0.002398331868380276},"median":{"confidence_interval":{"confidence_level":0.95,"lower_bound":0.0030524611420674934,"upper_bound":0.004784972533743209},"point_estimate":0.003703518496884328,"standard_error":0.0004526940835853733}}