{"mean":{"confidence_interval":{"confidence_level":0.95,"lower_bound":0.004495072738201956,"upper_bound":0.011146113208150668},"point_estimate":0.00845736290657828,"standard_error":0.001756568792729505},"median":{"confidence_interval":{"confidence_level":0.95,"lower_bound":0.008209635761763812,"upper_bound":0.010728076000087183},"point_estimate":0.00937380826189571,"standard_error":0.0006373809573281939}}