{"mean":{"confidence_interval":{"confidence_level":0.95,"lower_bound":-0.0041325552859546215,"upper_bound":0.002985669439988596},"point_estimate":-0.0000204599415015716,"standard_error":0.0018393126985333291},"median":{"confidence_interval":{"confidence_level":0.95,"lower_bound":0.001363245205431074,"upper_bound":0.0033580682747091917},"point_estimate":0.002322758105743006,"standard_error":0.0005096451159391744}}