{"mean":{"confidence_interval":{"confidence_level":0.95,"lower_bound":0.015102599638140812,"upper_bound":0.019617967913274924},"point_estimate":0.01766829935976788,"standard_error":0.0011605243765275652},"median":{"confidence_interval":{"confidence_level":0.95,"lower_bound":0.01722904884796539,"upper_bound":0.019778371077751045},"point_estimate":0.018199776296548675,"standard_error":0.0007317958313798231}}