{"mean":{"confidence_interval":{"confidence_level":0.95,"lower_bound":0.016296212384253488,"upper_bound":0.020646073593762197},"point_estimate":0.018699101546280517,"standard_error":0.0011191521047187836},"median":{"confidence_interval":{"confidence_level":0.95,"lower_bound":0.017207332847724688,"upper_bound":0.021413651281954098},"point_estimate":0.019618436577272913,"standard_error":0.0012464961179417305}}